sample,barcode,r1_path,r2_path,ploidy,plate
WK04_drone_indiv2,TCCGGAGA+AGGCTATA,data/K194/WK04_drone_indiv2_r1.fastq.gz,data/K194/WK04_drone_indiv2_r2.fastq.gz,1,plate22
BP14_drone_indiv1,TCCGGAGA+AGGCTATA,data/K195/BP14_drone_indiv1_r1.fastq.gz,data/K195/BP14_drone_indiv1_r2.fastq.gz,1,plate22
BP10_drone_indiv2,CGCTCATT+AGGCTATA,data/K194/BP10_drone_indiv2_r1.fastq.gz,data/K194/BP10_drone_indiv2_r2.fastq.gz,1,plate22
HB11_drone_pool1,CGCTCATT+AGGCTATA,data/K195/HB11_drone_pool1_r1.fastq.gz,data/K195/HB11_drone_pool1_r2.fastq.gz,1,plate21
HB12_drone_indiv6,GAGATTCC+AGGCTATA,data/K194/HB12_drone_indiv6_r1.fastq.gz,data/K194/HB12_drone_indiv6_r2.fastq.gz,1,plate22
WK10_drone_indiv2,GAGATTCC+AGGCTATA,data/K195/WK10_drone_indiv2_r1.fastq.gz,data/K195/WK10_drone_indiv2_r2.fastq.gz,1,plate22
BP07_drone_indiv2,ATTCAGAA+AGGCTATA,data/K195/BP07_drone_indiv2_r1.fastq.gz,data/K195/BP07_drone_indiv2_r2.fastq.gz,1,plate22
TP11_drone_indiv4,GAATTCGT+AGGCTATA,data/K194/TP11_drone_indiv4_r1.fastq.gz,data/K194/TP11_drone_indiv4_r2.fastq.gz,1,plate22
HB17_drone_indiv2,GAATTCGT+AGGCTATA,data/K195/HB17_drone_indiv2_r1.fastq.gz,data/K195/HB17_drone_indiv2_r2.fastq.gz,1,plate22
TP12_drone_indiv2,CTGAAGCT+AGGCTATA,data/K194/TP12_drone_indiv2_r1.fastq.gz,data/K194/TP12_drone_indiv2_r2.fastq.gz,1,plate22
WK03_drone_indiv2,CTGAAGCT+AGGCTATA,data/K195/WK03_drone_indiv2_r1.fastq.gz,data/K195/WK03_drone_indiv2_r2.fastq.gz,1,plate22
TP12_drone_pool1,TAATGCGC+AGGCTATA,data/K194/TP12_drone_pool1_r1.fastq.gz,data/K194/TP12_drone_pool1_r2.fastq.gz,1,plate21
BP06_drone_indiv2,TAATGCGC+AGGCTATA,data/K195/BP06_drone_indiv2_r1.fastq.gz,data/K195/BP06_drone_indiv2_r2.fastq.gz,1,plate22
WK10_drone_pool1,CGGCTATG+AGGCTATA,data/K194/WK10_drone_pool1_r1.fastq.gz,data/K194/WK10_drone_pool1_r2.fastq.gz,1,plate21
WK05_drone_pool1,TCCGCGAA+AGGCTATA,data/K194/WK05_drone_pool1_r1.fastq.gz,data/K194/WK05_drone_pool1_r2.fastq.gz,1,plate21
HB14_drone_pool1,TCCGCGAA+AGGCTATA,data/K195/HB14_drone_pool1_r1.fastq.gz,data/K195/HB14_drone_pool1_r2.fastq.gz,1,plate21
WK09_drone_pool1,TCTCGCGC+AGGCTATA,data/K195/WK09_drone_pool1_r1.fastq.gz,data/K195/WK09_drone_pool1_r2.fastq.gz,1,plate21
HB02_drone_indiv2,AGCGATAG+AGGCTATA,data/K194/HB02_drone_indiv2_r1.fastq.gz,data/K194/HB02_drone_indiv2_r2.fastq.gz,1,plate22
HB13_drone_pool1,AGCGATAG+AGGCTATA,data/K195/HB13_drone_pool1_r1.fastq.gz,data/K195/HB13_drone_pool1_r2.fastq.gz,1,plate21
HB01_drone_indiv2,TCCGGAGA+GCCTCTAT,data/K194/HB01_drone_indiv2_r1.fastq.gz,data/K194/HB01_drone_indiv2_r2.fastq.gz,1,plate22
BP02_drone_indiv2,TCCGGAGA+GCCTCTAT,data/K195/BP02_drone_indiv2_r1.fastq.gz,data/K195/BP02_drone_indiv2_r2.fastq.gz,1,plate22
HB03_drone_indiv2,CGCTCATT+GCCTCTAT,data/K194/HB03_drone_indiv2_r1.fastq.gz,data/K194/HB03_drone_indiv2_r2.fastq.gz,1,plate22
HB05_drone_pool1,CGCTCATT+GCCTCTAT,data/K195/HB05_drone_pool1_r1.fastq.gz,data/K195/HB05_drone_pool1_r2.fastq.gz,1,plate21
HB07_drone_indiv2,GAGATTCC+GCCTCTAT,data/K194/HB07_drone_indiv2_r1.fastq.gz,data/K194/HB07_drone_indiv2_r2.fastq.gz,1,plate22
WK12_drone_pool1,GAGATTCC+GCCTCTAT,data/K195/WK12_drone_pool1_r1.fastq.gz,data/K195/WK12_drone_pool1_r2.fastq.gz,1,plate21
TP11_drone_indiv2,ATTCAGAA+GCCTCTAT,data/K194/TP11_drone_indiv2_r1.fastq.gz,data/K194/TP11_drone_indiv2_r2.fastq.gz,1,plate22
HB14_drone_indiv2,GAATTCGT+GCCTCTAT,data/K194/HB14_drone_indiv2_r1.fastq.gz,data/K194/HB14_drone_indiv2_r2.fastq.gz,1,plate22
WK07_drone_pool1,GAATTCGT+GCCTCTAT,data/K195/WK07_drone_pool1_r1.fastq.gz,data/K195/WK07_drone_pool1_r2.fastq.gz,1,plate21
TP14_drone_pool1,CTGAAGCT+GCCTCTAT,data/K194/TP14_drone_pool1_r1.fastq.gz,data/K194/TP14_drone_pool1_r2.fastq.gz,1,plate21
BP14_drone_indiv2,TAATGCGC+GCCTCTAT,data/K194/BP14_drone_indiv2_r1.fastq.gz,data/K194/BP14_drone_indiv2_r2.fastq.gz,1,plate22
TP11_drone_indiv1,TAATGCGC+GCCTCTAT,data/K195/TP11_drone_indiv1_r1.fastq.gz,data/K195/TP11_drone_indiv1_r2.fastq.gz,1,plate22
BP12_drone_indiv4,TCCGCGAA+GCCTCTAT,data/K194/BP12_drone_indiv4_r1.fastq.gz,data/K194/BP12_drone_indiv4_r2.fastq.gz,1,plate22
TP02_drone_pool1,TCCGCGAA+GCCTCTAT,data/K195/TP02_drone_pool1_r1.fastq.gz,data/K195/TP02_drone_pool1_r2.fastq.gz,1,plate21
BP02_drone_pool1,TCTCGCGC+GCCTCTAT,data/K194/BP02_drone_pool1_r1.fastq.gz,data/K194/BP02_drone_pool1_r2.fastq.gz,1,plate21
HB01_drone_pool1,TCTCGCGC+GCCTCTAT,data/K195/HB01_drone_pool1_r1.fastq.gz,data/K195/HB01_drone_pool1_r2.fastq.gz,1,plate21
TP09_drone_indiv2,AGCGATAG+GCCTCTAT,data/K195/TP09_drone_indiv2_r1.fastq.gz,data/K195/TP09_drone_indiv2_r2.fastq.gz,1,plate22
WK03_drone_pool1,TCCGGAGA+AGGATAGG,data/K194/WK03_drone_pool1_r1.fastq.gz,data/K194/WK03_drone_pool1_r2.fastq.gz,1,plate21
TP15_drone_pool1,TCCGGAGA+AGGATAGG,data/K195/TP15_drone_pool1_r1.fastq.gz,data/K195/TP15_drone_pool1_r2.fastq.gz,1,plate21
WK01_drone_pool1,CGCTCATT+AGGATAGG,data/K194/WK01_drone_pool1_r1.fastq.gz,data/K194/WK01_drone_pool1_r2.fastq.gz,1,plate21
WK12_drone_indiv2,CGCTCATT+AGGATAGG,data/K195/WK12_drone_indiv2_r1.fastq.gz,data/K195/WK12_drone_indiv2_r2.fastq.gz,1,plate22
HB16_drone_pool1,GAGATTCC+AGGATAGG,data/K194/HB16_drone_pool1_r1.fastq.gz,data/K194/HB16_drone_pool1_r2.fastq.gz,1,plate21
WK01_drone_indiv2,GAGATTCC+AGGATAGG,data/K195/WK01_drone_indiv2_r1.fastq.gz,data/K195/WK01_drone_indiv2_r2.fastq.gz,1,plate22
TP13_drone_indiv2,ATTCAGAA+AGGATAGG,data/K194/TP13_drone_indiv2_r1.fastq.gz,data/K194/TP13_drone_indiv2_r2.fastq.gz,1,plate22
BP04_drone_indiv2,ATTCAGAA+AGGATAGG,data/K195/BP04_drone_indiv2_r1.fastq.gz,data/K195/BP04_drone_indiv2_r2.fastq.gz,1,plate22
WK02_drone_pool1,GAATTCGT+AGGATAGG,data/K194/WK02_drone_pool1_r1.fastq.gz,data/K194/WK02_drone_pool1_r2.fastq.gz,1,plate21
WK06_drone_indiv2,GAATTCGT+AGGATAGG,data/K195/WK06_drone_indiv2_r1.fastq.gz,data/K195/WK06_drone_indiv2_r2.fastq.gz,1,plate22
HB12_drone_indiv3,CTGAAGCT+AGGATAGG,data/K194/HB12_drone_indiv3_r1.fastq.gz,data/K194/HB12_drone_indiv3_r2.fastq.gz,1,plate22
WK07_drone_indiv2,CTGAAGCT+AGGATAGG,data/K195/WK07_drone_indiv2_r1.fastq.gz,data/K195/WK07_drone_indiv2_r2.fastq.gz,1,plate22
HB10_drone_indiv2,TAATGCGC+AGGATAGG,data/K194/HB10_drone_indiv2_r1.fastq.gz,data/K194/HB10_drone_indiv2_r2.fastq.gz,1,plate22
HB12_drone_indiv4,TAATGCGC+AGGATAGG,data/K195/HB12_drone_indiv4_r1.fastq.gz,data/K195/HB12_drone_indiv4_r2.fastq.gz,1,plate22
WK05_drone_indiv2,CGGCTATG+AGGATAGG,data/K194/WK05_drone_indiv2_r1.fastq.gz,data/K194/WK05_drone_indiv2_r2.fastq.gz,1,plate22
WK14_drone_pool1,CGGCTATG+AGGATAGG,data/K195/WK14_drone_pool1_r1.fastq.gz,data/K195/WK14_drone_pool1_r2.fastq.gz,1,plate21
TP10_drone_indiv2,TCCGCGAA+AGGATAGG,data/K195/TP10_drone_indiv2_r1.fastq.gz,data/K195/TP10_drone_indiv2_r2.fastq.gz,1,plate22
HB04_drone_indiv2,AGCGATAG+AGGATAGG,data/K194/HB04_drone_indiv2_r1.fastq.gz,data/K194/HB04_drone_indiv2_r2.fastq.gz,1,plate22
BP12_drone_indiv1,TCCGGAGA+TCAGAGCC,data/K194/BP12_drone_indiv1_r1.fastq.gz,data/K194/BP12_drone_indiv1_r2.fastq.gz,1,plate22
TP18_queen_indiv1,CGCTCATT+TCAGAGCC,data/K195/TP18_queen_indiv1_r1.fastq.gz,data/K195/TP18_queen_indiv1_r2.fastq.gz,2,plate22
HB15_drone_pool1,GAGATTCC+TCAGAGCC,data/K194/HB15_drone_pool1_r1.fastq.gz,data/K194/HB15_drone_pool1_r2.fastq.gz,1,plate21
WK08_drone_pool1,GAGATTCC+TCAGAGCC,data/K195/WK08_drone_pool1_r1.fastq.gz,data/K195/WK08_drone_pool1_r2.fastq.gz,1,plate21
BP01_queen_indiv1,ATTCAGAA+TCAGAGCC,data/K194/BP01_queen_indiv1_r1.fastq.gz,data/K194/BP01_queen_indiv1_r2.fastq.gz,2,plate22
BP12_drone_indiv6,GAATTCGT+TCAGAGCC,data/K194/BP12_drone_indiv6_r1.fastq.gz,data/K194/BP12_drone_indiv6_r2.fastq.gz,1,plate22
WK13_drone_pool1,GAATTCGT+TCAGAGCC,data/K195/WK13_drone_pool1_r1.fastq.gz,data/K195/WK13_drone_pool1_r2.fastq.gz,1,plate21
BP04_drone_pool1,CTGAAGCT+TCAGAGCC,data/K194/BP04_drone_pool1_r1.fastq.gz,data/K194/BP04_drone_pool1_r2.fastq.gz,1,plate21
WK11_drone_indiv2,CTGAAGCT+TCAGAGCC,data/K195/WK11_drone_indiv2_r1.fastq.gz,data/K195/WK11_drone_indiv2_r2.fastq.gz,1,plate22
BP09_drone_indiv2,TAATGCGC+TCAGAGCC,data/K194/BP09_drone_indiv2_r1.fastq.gz,data/K194/BP09_drone_indiv2_r2.fastq.gz,1,plate22
WK08_drone_indiv2,TAATGCGC+TCAGAGCC,data/K195/WK08_drone_indiv2_r1.fastq.gz,data/K195/WK08_drone_indiv2_r2.fastq.gz,1,plate22
BP11_drone_indiv3,TCCGCGAA+TCAGAGCC,data/K194/BP11_drone_indiv3_r1.fastq.gz,data/K194/BP11_drone_indiv3_r2.fastq.gz,1,plate22
HB08_drone_pool1,TCCGCGAA+TCAGAGCC,data/K195/HB08_drone_pool1_r1.fastq.gz,data/K195/HB08_drone_pool1_r2.fastq.gz,1,plate21
TP01_drone_indiv2,TCTCGCGC+TCAGAGCC,data/K194/TP01_drone_indiv2_r1.fastq.gz,data/K194/TP01_drone_indiv2_r2.fastq.gz,1,plate22
BP03_drone_indiv2,TCTCGCGC+TCAGAGCC,data/K195/BP03_drone_indiv2_r1.fastq.gz,data/K195/BP03_drone_indiv2_r2.fastq.gz,1,plate22
TP08_drone_indiv2,AGCGATAG+TCAGAGCC,data/K194/TP08_drone_indiv2_r1.fastq.gz,data/K194/TP08_drone_indiv2_r2.fastq.gz,1,plate22
BP12_drone_indiv5,TCCGGAGA+CTTCGCCT,data/K195/BP12_drone_indiv5_r1.fastq.gz,data/K195/BP12_drone_indiv5_r2.fastq.gz,1,plate22
BP08_drone_pool1,CGCTCATT+CTTCGCCT,data/K195/BP08_drone_pool1_r1.fastq.gz,data/K195/BP08_drone_pool1_r2.fastq.gz,1,plate21
TP11_drone_indiv3,ATTCAGAA+CTTCGCCT,data/K194/TP11_drone_indiv3_r1.fastq.gz,data/K194/TP11_drone_indiv3_r2.fastq.gz,1,plate22
HB09_drone_pool1,GAATTCGT+CTTCGCCT,data/K194/HB09_drone_pool1_r1.fastq.gz,data/K194/HB09_drone_pool1_r2.fastq.gz,1,plate21
WK11_drone_pool1,GAATTCGT+CTTCGCCT,data/K195/WK11_drone_pool1_r1.fastq.gz,data/K195/WK11_drone_pool1_r2.fastq.gz,1,plate21
HB12_drone_indiv1,CTGAAGCT+CTTCGCCT,data/K195/HB12_drone_indiv1_r1.fastq.gz,data/K195/HB12_drone_indiv1_r2.fastq.gz,1,plate22
TP16_drone_indiv2,TAATGCGC+CTTCGCCT,data/K194/TP16_drone_indiv2_r1.fastq.gz,data/K194/TP16_drone_indiv2_r2.fastq.gz,1,plate22
TP09_drone_pool1,TAATGCGC+CTTCGCCT,data/K195/TP09_drone_pool1_r1.fastq.gz,data/K195/TP09_drone_pool1_r2.fastq.gz,1,plate21
TP14_drone_indiv2,CGGCTATG+CTTCGCCT,data/K194/TP14_drone_indiv2_r1.fastq.gz,data/K194/TP14_drone_indiv2_r2.fastq.gz,1,plate22
BP13_drone_pool1,CGGCTATG+CTTCGCCT,data/K195/BP13_drone_pool1_r1.fastq.gz,data/K195/BP13_drone_pool1_r2.fastq.gz,1,plate21
HB02_drone_pool1,TCCGCGAA+CTTCGCCT,data/K194/HB02_drone_pool1_r1.fastq.gz,data/K194/HB02_drone_pool1_r2.fastq.gz,1,plate21
TP05_drone_pool1,TCCGCGAA+CTTCGCCT,data/K195/TP05_drone_pool1_r1.fastq.gz,data/K195/TP05_drone_pool1_r2.fastq.gz,1,plate21
TP02_drone_indiv2,AGCGATAG+CTTCGCCT,data/K194/TP02_drone_indiv2_r1.fastq.gz,data/K194/TP02_drone_indiv2_r2.fastq.gz,1,plate22
BP13_drone_indiv2,AGCGATAG+CTTCGCCT,data/K195/BP13_drone_indiv2_r1.fastq.gz,data/K195/BP13_drone_indiv2_r2.fastq.gz,1,plate22
HB06_drone_pool1,TCCGGAGA+TAAGATTA,data/K194/HB06_drone_pool1_r1.fastq.gz,data/K194/HB06_drone_pool1_r2.fastq.gz,1,plate21
HB06_drone_indiv2,TCCGGAGA+TAAGATTA,data/K195/HB06_drone_indiv2_r1.fastq.gz,data/K195/HB06_drone_indiv2_r2.fastq.gz,1,plate22
HB10_drone_pool1,CGCTCATT+TAAGATTA,data/K194/HB10_drone_pool1_r1.fastq.gz,data/K194/HB10_drone_pool1_r2.fastq.gz,1,plate21
HB03_drone_pool1,GAGATTCC+TAAGATTA,data/K194/HB03_drone_pool1_r1.fastq.gz,data/K194/HB03_drone_pool1_r2.fastq.gz,1,plate21
TP01_drone_pool1,ATTCAGAA+TAAGATTA,data/K194/TP01_drone_pool1_r1.fastq.gz,data/K194/TP01_drone_pool1_r2.fastq.gz,1,plate21
BP11_drone_indiv2,GAATTCGT+TAAGATTA,data/K194/BP11_drone_indiv2_r1.fastq.gz,data/K194/BP11_drone_indiv2_r2.fastq.gz,1,plate22
TP08_drone_pool1,GAATTCGT+TAAGATTA,data/K195/TP08_drone_pool1_r1.fastq.gz,data/K195/TP08_drone_pool1_r2.fastq.gz,1,plate21
HB09_drone_indiv2,CTGAAGCT+TAAGATTA,data/K194/HB09_drone_indiv2_r1.fastq.gz,data/K194/HB09_drone_indiv2_r2.fastq.gz,1,plate22
BP05_drone_indiv2,CTGAAGCT+TAAGATTA,data/K195/BP05_drone_indiv2_r1.fastq.gz,data/K195/BP05_drone_indiv2_r2.fastq.gz,1,plate22
TP07_drone_pool1,TAATGCGC+TAAGATTA,data/K194/TP07_drone_pool1_r1.fastq.gz,data/K194/TP07_drone_pool1_r2.fastq.gz,1,plate21
BP05_drone_pool1,TAATGCGC+TAAGATTA,data/K195/BP05_drone_pool1_r1.fastq.gz,data/K195/BP05_drone_pool1_r2.fastq.gz,1,plate21
BP12_drone_indiv2,CGGCTATG+TAAGATTA,data/K194/BP12_drone_indiv2_r1.fastq.gz,data/K194/BP12_drone_indiv2_r2.fastq.gz,1,plate22
BP07_drone_pool1,CGGCTATG+TAAGATTA,data/K195/BP07_drone_pool1_r1.fastq.gz,data/K195/BP07_drone_pool1_r2.fastq.gz,1,plate21
HB13_drone_indiv2,TCCGCGAA+TAAGATTA,data/K194/HB13_drone_indiv2_r1.fastq.gz,data/K194/HB13_drone_indiv2_r2.fastq.gz,1,plate22
TP04_drone_indiv2,TCCGCGAA+TAAGATTA,data/K195/TP04_drone_indiv2_r1.fastq.gz,data/K195/TP04_drone_indiv2_r2.fastq.gz,1,plate22
HB16_drone_indiv2,TCTCGCGC+TAAGATTA,data/K194/HB16_drone_indiv2_r1.fastq.gz,data/K194/HB16_drone_indiv2_r2.fastq.gz,1,plate22
TP17_drone_indiv2,TCTCGCGC+TAAGATTA,data/K195/TP17_drone_indiv2_r1.fastq.gz,data/K195/TP17_drone_indiv2_r2.fastq.gz,1,plate22
WK14_drone_indiv2,AGCGATAG+TAAGATTA,data/K194/WK14_drone_indiv2_r1.fastq.gz,data/K194/WK14_drone_indiv2_r2.fastq.gz,1,plate22
BP12_drone_indiv3,AGCGATAG+TAAGATTA,data/K195/BP12_drone_indiv3_r1.fastq.gz,data/K195/BP12_drone_indiv3_r2.fastq.gz,1,plate22
HB07_drone_pool1,TCCGGAGA+ACGTCCTG,data/K195/HB07_drone_pool1_r1.fastq.gz,data/K195/HB07_drone_pool1_r2.fastq.gz,1,plate21
HB12_drone_indiv2,CGCTCATT+ACGTCCTG,data/K194/HB12_drone_indiv2_r1.fastq.gz,data/K194/HB12_drone_indiv2_r2.fastq.gz,1,plate22
TP06_drone_indiv2,CGCTCATT+ACGTCCTG,data/K195/TP06_drone_indiv2_r1.fastq.gz,data/K195/TP06_drone_indiv2_r2.fastq.gz,1,plate22
TP17_drone_pool1,GAGATTCC+ACGTCCTG,data/K194/TP17_drone_pool1_r1.fastq.gz,data/K194/TP17_drone_pool1_r2.fastq.gz,1,plate21
HB11_drone_indiv2,GAGATTCC+ACGTCCTG,data/K195/HB11_drone_indiv2_r1.fastq.gz,data/K195/HB11_drone_indiv2_r2.fastq.gz,1,plate22
BP11_drone_indiv1,ATTCAGAA+ACGTCCTG,data/K194/BP11_drone_indiv1_r1.fastq.gz,data/K194/BP11_drone_indiv1_r2.fastq.gz,1,plate22
BP09_drone_pool1,ATTCAGAA+ACGTCCTG,data/K195/BP09_drone_pool1_r1.fastq.gz,data/K195/BP09_drone_pool1_r2.fastq.gz,1,plate21
WK06_drone_indiv1,GAATTCGT+ACGTCCTG,data/K194/WK06_drone_indiv1_r1.fastq.gz,data/K194/WK06_drone_indiv1_r2.fastq.gz,1,plate22
TP06_drone_pool1,GAATTCGT+ACGTCCTG,data/K195/TP06_drone_pool1_r1.fastq.gz,data/K195/TP06_drone_pool1_r2.fastq.gz,1,plate21
BP03_drone_pool1,CTGAAGCT+ACGTCCTG,data/K195/BP03_drone_pool1_r1.fastq.gz,data/K195/BP03_drone_pool1_r2.fastq.gz,1,plate21
HB05_drone_indiv2,TAATGCGC+ACGTCCTG,data/K194/HB05_drone_indiv2_r1.fastq.gz,data/K194/HB05_drone_indiv2_r2.fastq.gz,1,plate22
HB15_drone_indiv2,TAATGCGC+ACGTCCTG,data/K195/HB15_drone_indiv2_r1.fastq.gz,data/K195/HB15_drone_indiv2_r2.fastq.gz,1,plate22
TP04_drone_pool1,CGGCTATG+ACGTCCTG,data/K194/TP04_drone_pool1_r1.fastq.gz,data/K194/TP04_drone_pool1_r2.fastq.gz,1,plate21
TP05_drone_indiv2,CGGCTATG+ACGTCCTG,data/K195/TP05_drone_indiv2_r1.fastq.gz,data/K195/TP05_drone_indiv2_r2.fastq.gz,1,plate22
WK13_drone_indiv2,TCCGCGAA+ACGTCCTG,data/K194/WK13_drone_indiv2_r1.fastq.gz,data/K194/WK13_drone_indiv2_r2.fastq.gz,1,plate22
BP08_drone_indiv2,TCTCGCGC+ACGTCCTG,data/K194/BP08_drone_indiv2_r1.fastq.gz,data/K194/BP08_drone_indiv2_r2.fastq.gz,1,plate22
BP06_drone_pool1,AGCGATAG+ACGTCCTG,data/K194/BP06_drone_pool1_r1.fastq.gz,data/K194/BP06_drone_pool1_r2.fastq.gz,1,plate21
WK04_drone_pool1,TCCGGAGA+GTCAGTAC,data/K194/WK04_drone_pool1_r1.fastq.gz,data/K194/WK04_drone_pool1_r2.fastq.gz,1,plate21
WK09_drone_indiv2,CGCTCATT+GTCAGTAC,data/K194/WK09_drone_indiv2_r1.fastq.gz,data/K194/WK09_drone_indiv2_r2.fastq.gz,1,plate22
TP07_drone_indiv2,GAGATTCC+GTCAGTAC,data/K194/TP07_drone_indiv2_r1.fastq.gz,data/K194/TP07_drone_indiv2_r2.fastq.gz,1,plate22
WK02_drone_indiv2,ATTCAGAA+GTCAGTAC,data/K194/WK02_drone_indiv2_r1.fastq.gz,data/K194/WK02_drone_indiv2_r2.fastq.gz,1,plate22
TP03_drone_pool1,GAATTCGT+GTCAGTAC,data/K194/TP03_drone_pool1_r1.fastq.gz,data/K194/TP03_drone_pool1_r2.fastq.gz,1,plate21
BP11_drone_indiv4,TAATGCGC+GTCAGTAC,data/K194/BP11_drone_indiv4_r1.fastq.gz,data/K194/BP11_drone_indiv4_r2.fastq.gz,1,plate22
TP16_drone_pool1,CGGCTATG+GTCAGTAC,data/K194/TP16_drone_pool1_r1.fastq.gz,data/K194/TP16_drone_pool1_r2.fastq.gz,1,plate21
HB04_drone_pool1,TCTCGCGC+GTCAGTAC,data/K194/HB04_drone_pool1_r1.fastq.gz,data/K194/HB04_drone_pool1_r2.fastq.gz,1,plate21
BP11_drone_indiv5,AGCGATAG+GTCAGTAC,data/K194/BP11_drone_indiv5_r1.fastq.gz,data/K194/BP11_drone_indiv5_r2.fastq.gz,1,plate22
